[
  {
    "id": 1,
    "title": "TITLE 1",
    "text": "TEXT 1",
    "user_id": 5,
    "status": "process",
    "created": "2023-06-01T12:35:51.070Z"
  },
  {
    "id": 2,
    "title": "TITLE 2",
    "text": "TEXT 2",
    "user_id": 6,
    "status": "process",
    "created": "2023-06-01T12:37:27.138Z"
  },
  {
    "id": 3,
    "title": "TITLE 3",
    "text": "TEXT 3",
    "user_id": 5,
    "status": "process",
    "created": "2023-06-01T12:38:14.276Z"
  },
  {
    "id": 4,
    "title": "NIMADIR!",
    "text": "NIMADIR@",
    "user_id": 7,
    "status": "process",
    "created": "2023-06-01T12:43:05.006Z"
  },
  {
    "id": 5,
    "title": "Asror",
    "text": "nimadur",
    "user_id": 8,
    "status": "process",
    "created": "2023-06-01T13:10:47.200Z"
  },
  {
    "id": 7,
    "title": "Asrorfff",
    "text": "nimadur",
    "user_id": 8,
    "status": "process",
    "created": "2023-06-02T19:04:41.009Z"
  },
  {
    "id": 8,
    "title": "Asrorfff",
    "text": "niewelghoifhmadur",
    "user_id": 8,
    "status": "process",
    "created": "2023-06-02T19:08:38.150Z"
  },
  {
    "id": 9,
    "user_id": 8,
    "status": "process",
    "created": "2023-06-02T22:18:40.449Z"
  },
  {
    "id": 10,
    "user_id": 8,
    "status": "process",
    "created": "2023-06-02T22:19:25.781Z"
  },
  {
    "id": 11,
    "user_id": 8,
    "status": "process",
    "created": "2023-06-02T22:19:46.770Z"
  }
]