[
  {
    "id": 1,
    "username": "username",
    "password": "password",
    "created": "2023-06-01T11:56:52.267Z"
  },
  {
    "id": 2,
    "username": "username1",
    "password": "password",
    "created": "2023-06-01T11:57:15.522Z"
  },
  {
    "id": 3,
    "username": "username2",
    "password": "password",
    "created": "2023-06-01T11:57:48.680Z"
  },
  {
    "id": 4,
    "username": "username3",
    "password": "password",
    "created": "2023-06-01T12:08:49.803Z"
  },
  {
    "id": 5,
    "username": "username4",
    "password": "password",
    "created": "2023-06-01T12:09:37.154Z"
  },
  {
    "id": 6,
    "username": "KIMDIR",
    "password": "NIMADIR",
    "created": "2023-06-01T12:36:50.861Z"
  },
  {
    "id": 7,
    "username": "KIMDIR2",
    "password": "NIMADIR2",
    "created": "2023-06-01T12:41:48.509Z"
  },
  {
    "id": 8,
    "username": "Asror",
    "password": 12133,
    "created": "2023-06-01T13:06:03.792Z"
  }
]